Network,Demand,Goodwill,Backlog,Oracle_Profit,Oracle_FillRate,Oracle_AvgInv,Oracle_Unfulfilled,MSSP_Profit,MSSP_FillRate,MSSP_AvgInv,MSSP_Unfulfilled,MSSP_Blind_Profit,MSSP_Blind_FillRate,MSSP_Blind_AvgInv,MSSP_Blind_Unfulfilled,DLP_Profit,DLP_FillRate,DLP_AvgInv,DLP_Unfulfilled,DLP_Blind_Profit,DLP_Blind_FillRate,DLP_Blind_AvgInv,DLP_Blind_Unfulfilled,Dummy_Profit,Dummy_FillRate,Dummy_AvgInv,Dummy_Unfulfilled,Heuristic_Profit,Heuristic_FillRate,Heuristic_AvgInv,Heuristic_Unfulfilled,Heuristic_Blind_Profit,Heuristic_Blind_FillRate,Heuristic_Blind_AvgInv,Heuristic_Blind_Unfulfilled,Oracle_Profit_Std,MSSP_Profit_Std,DLP_Profit_Std,VPI,VSS,VPF_MSSP,VPF_DLP,VPF_Heuristic,VPI_pval,VSS_pval,Time_Oracle,Time_MSSP,Time_MSSP_Blind,Time_DLP,Time_DLP_Blind,Time_Dummy,Time_Heuristic,Time_Heuristic_Blind,Time_Sec_Baselines,RLV1_Profit,RLV1_FillRate,RLV1_AvgInv,RLV1_Unfulfilled,RLV1_Profit_Std,Time_RLV1,Time_Sec_RLV1,RLV4_Profit,RLV4_FillRate,RLV4_AvgInv,RLV4_Unfulfilled,RLV4_Profit_Std,Time_RLV4,Time_Sec_RLV4,Residual_Profit,Residual_FillRate,Residual_AvgInv,Residual_Unfulfilled,Residual_Profit_Std,Time_Residual,Time_Sec_Residual,RLGNN_Profit,RLGNN_FillRate,RLGNN_AvgInv,RLGNN_Unfulfilled,RLGNN_Profit_Std,Time_RLGNN,Time_Sec_RLGNN,Time_Sec
base,stationary,False,True,833.0427999999999,0.9983277591973244,598.12,1.0,784.758,0.9434375624278224,690.3333333333333,33.6,775.1510000000001,0.9055853956842772,691.14,56.0,776.3699999999999,0.8831344543902873,692.4266666666666,69.4,769.7804000055,0.8545225801924069,692.764666664,86.29999992000003,-53752.24289651495,0.9983277591973244,82429.99236059136,1.0,760.0821927083333,0.9983277591973244,771.6216666666667,1.0,757.3028625000002,0.9907451766147416,775.0491319444445,5.5,9.636546671915244,9.787395772114255,10.75692195751189,48.28479999999991,8.388000000000147,9.606999999999973,6.589599994499849,2.7793302083331355,6.956179178161738e-07,0.0742064781097019,0.132536188000002,18.839759428,18.5795918258,1.3312520739999911,1.405656087000007,0.0177910556000014,0.0584456568000035,0.0593686894000086,202.122452791,593.818,0.9983277591973244,564.14,1.0,11.38811204721842,2.9129738924000006,14.564878307,593.818,0.9983277591973244,564.14,1.0,11.38811204721842,3.702872838800001,18.514374125,782.1982574922033,0.9699493753369652,756.8701413821406,17.865903327862423,11.122114771606418,0.0948941701999992,0.47447777,652.1784799979924,0.9983277591973244,729.4380740666389,1.0,11.386420808733304,0.0862294704,0.4311571389999997,236.107340132
base,stationary,False,False,830.8388000000001,0.9983277591973244,598.6533333333334,1.0,763.0699999999999,0.982828987942498,695.9,10.2,731.0279999999999,0.958842174793771,701.3799999999999,24.4,722.7779999999999,0.9515000583236268,707.5933333333334,28.8,691.78716665982,0.9293062544164344,710.7835555575334,41.96,-53754.72289651495,0.9983277591973244,82430.49236059136,1.0,757.8800010416666,0.9983277591973244,772.4975000000001,1.0,747.2822458333335,0.9920919779615432,777.1477430555557,4.7,7.716922583517421,19.21060488376138,17.553797765725815,67.76880000000017,40.29200000000003,32.04200000000003,30.99083334017996,10.59775520833307,0.0015812563171978,0.000124189678311,0.09995087879999,18.1200545702,16.657347917800013,1.09157760880002,1.1320441389999985,0.015698640000005,0.0463814713999909,0.0454714619999833,186.042986756,591.3380000000001,0.9983277591973244,564.64,1.0,8.744048032804987,0.0795266781999991,0.397643047999999,591.3380000000001,0.9983277591973244,564.64,1.0,8.744048032804987,0.0774606902000009,0.3873135050000016,759.012528818987,0.984073888769081,767.2814972539979,9.444993368784589,24.797600748684413,0.0909873646000001,0.4549436500000006,649.6984799979924,0.9983277591973244,729.9380740666389,1.0,8.739144101317729,0.1396657660000002,0.6983403390000014,187.981227298
base,trend,False,True,1731.011,0.829266260033792,451.15333333333336,175.0,1698.432,0.8060348772431226,514.6,198.8,1652.664,0.5963286118077927,523.48,413.4,1689.4339999999995,0.760288845532164,517.46,245.6,1617.6767666705,0.4547533947128896,529.3317777766666,558.4333333,-52780.76889651494,0.829266260033792,82301.13236059136,175.0,1385.8611069444444,0.802625909703791,596.2259953703704,202.3375,1442.7743696759258,0.7387573730879087,573.4240856481481,267.8,20.47292263454342,20.9472555720313,25.32199111444445,32.57899999999995,8.998000000000275,45.76800000000003,71.75723332949974,-56.91326273148138,4.994887219480788e-06,0.0869020383947804,0.1359484250000378,19.73375944899999,22.20605887240001,1.5222864311999955,1.4511488249999958,0.0208146446000228,0.0794014080000124,0.0682252259999813,226.08872804500004,1565.292,0.829266260033792,435.28,175.0,22.5881848761692,0.0562649977999996,0.2813334150000024,1565.292,0.829266260033792,435.28,175.0,22.5881848761692,0.0864516961999996,0.4323023540000008,1483.7186725274871,0.7006133903821956,551.8052317530237,306.73144010085014,19.425667024409297,0.0979515559999995,0.4897656179999998,1623.1220000000003,0.829266260033792,598.6133333333333,175.0,22.58818487616928,0.1429067219999993,0.7145469919999954,228.00667642400003
base,trend,False,False,1560.6118,0.9201316106603256,494.02,81.8,1509.2979999999998,0.9127147891904428,568.0733333333334,89.4,1294.4029999999998,0.8184891815954558,605.8999999999999,185.8,1490.1799999999998,0.9035010163354088,571.4866666666667,98.8,1294.4644333330002,0.8186776017213031,607.3088888933333,185.6,-52973.62889651496,0.9201316106603256,82341.27236059136,81.8,1210.8431722222222,0.9201316106603256,645.2289583333334,81.8,1281.39406875,0.9180703535280144,621.4481404320987,83.9,31.48861334768489,27.66641404302333,31.117537177611,51.31380000000036,19.11799999999993,214.895,195.7155666669996,-70.55089652777792,0.0142202567238614,0.0375539448725796,0.1396122496000544,25.47703248080004,25.107124937600062,1.562324162799996,1.543560289200013,0.0239493066001159,0.0680967201999919,0.0723952962000112,269.970907789,1372.432,0.9201316106603256,475.42,81.8,34.49880079075218,0.0542480490000002,0.2712477999999976,1372.432,0.9201316106603256,475.42,81.8,34.49880079075218,0.0854344371999999,0.4271983140000017,1311.4634108488688,0.9089353743182416,600.2267682368498,93.24424500502646,25.20069737465396,0.1016170270000003,0.5080923489999982,1430.2620000000002,0.9201316106603256,638.7533333333333,81.8,34.498800790751964,0.0933655487999999,0.4668388549999989,271.64428510700003
base,seasonal,False,True,833.9671999999998,0.6179137853739818,556.2333333333333,228.8,785.5559999999998,0.5596965760690934,647.14,263.8,749.703,0.4247416332418122,653.5999999999999,344.2,781.8029462180741,0.5093841329921242,648.5321404659132,293.9840906898,742.0789666477,0.3708518806232304,655.1207777833333,376.1433335,-53731.10289651495,0.6179137853739818,82386.6056939247,228.8,738.0456388888889,0.5682814942596096,729.8651851851852,258.6,696.2966361111112,0.4674800356049893,748.6573148148149,319.0,22.42685220355277,22.12451251440361,20.86563241085693,48.41120000000001,3.7530537819257006,35.85299999999984,39.72397957037413,41.74900277777772,3.0221829214381005e-05,0.0226708147147415,0.0905112316000213,16.149636078800086,15.451803483599951,0.9998100925999552,1.0039047647999724,0.0131133891999525,0.0408699433999572,0.0447804705999715,168.97241019699982,614.958,0.6179137853739818,520.7533333333333,228.8,25.76647309974716,0.0617335134000001,0.308678565000001,-30702.19649926629,0.6179137853739818,28586.793136279484,228.8,153.61201504404326,0.0755332517999995,0.3776749989999999,770.5418814402311,0.4688485189002328,660.3428138834712,317.8827239751816,22.49738735685817,0.1456325345999999,0.7281901029999993,672.7880000000001,0.6179137853739818,684.0866666666667,228.8,25.76647309974729,0.1118032166000006,0.5590266859999957,170.94598054999983
base,seasonal,False,False,654.2449999999999,0.8527619959454696,602.6733333333333,88.0,592.6589999999999,0.8437243914439001,704.4466666666667,93.4,578.6699999999998,0.8400215156601096,711.8866666666667,95.6,589.9710642662121,0.8410754857836867,704.0990727301835,94.987812350208,567.2290333255,0.8307619732375822,714.3148888986667,101.08,-53934.63289651496,0.8527619959454696,82429.9056939247,88.0,547.8533666666666,0.8527619959454696,784.8322222222224,88.0,516.0879694444445,0.848174534502523,806.5710185185187,90.74999999999996,17.690431707564336,11.246839289329245,13.550542212615806,61.58600000000001,2.6879357337877536,13.989000000000033,22.742030940712084,31.76539722222208,0.0013367177474201,0.413899258771372,0.0987010764000388,16.082762029400055,16.027988007800012,1.0509475258000749,1.0611671063999435,0.0171791786000085,0.0463703866000287,0.0465769575999729,172.15879112100015,411.4279999999999,0.8527619959454696,564.0533333333333,88.0,19.462619967517263,0.0527950178000004,0.2639826409999983,-30908.076572339207,0.8527619959454696,28633.91590702405,88.0,158.64756651399955,0.0678150137999985,0.3390834500000004,583.0988359618146,0.8527619959454696,724.9346646653476,88.0,20.86381170541544,0.0942061989999992,0.4710389720000023,469.2580000000001,0.8527619959454696,727.3866666666665,88.0,19.46261996751724,0.1534443489999986,0.7672354210000023,174.00013160500015
base,shock,False,True,1459.2044,0.998892580287929,514.0333333333333,1.0,1421.004,0.9654842883228346,587.4933333333333,30.8,1374.98,0.6049859319686546,598.42,352.0,1413.4409999999998,0.9115544329731466,590.4133333333333,78.8,1361.8064000054997,0.5293419716552121,601.824666664,419.4199999200001,-53083.96089651495,0.998892580287929,82359.61236059137,1.0,1211.39675787037,0.9441608509839234,638.858979070216,49.9625,1223.3027143197014,0.6861897571764841,631.3093509945129,279.65,21.562900014608346,22.48150204056668,26.911914536130784,38.20039999999972,7.563000000000329,46.02400000000012,51.63459999450015,-11.90595644933137,3.5477370629114665e-07,0.0780902921225848,0.0896604357999422,14.075191424400057,14.167097203600132,0.9469887215999734,0.9240792889999284,0.0127553104000071,0.0365135194000686,0.0372741752000365,151.44811746100004,1262.1,0.998892580287929,493.7600000000001,1.0,23.37885625944939,0.054113524200001,0.2705760359999978,1262.1,0.998892580287929,493.7600000000001,1.0,23.37885625944939,0.0658420438000007,0.3292188779999989,1290.6579304937627,0.9715604482306176,612.4728552425752,25.29059003492082,24.638662514363823,0.1003534483999999,0.501775047999999,1320.4604799979927,0.998892580287929,659.0580740666389,1.0,23.39409667997444,0.0835559298000006,0.4177888670000058,152.96747629000004
base,shock,False,False,1457.0043999999998,0.998892580287929,514.5666666666666,1.0,1400.393,0.988989168683221,593.56,9.8,1102.1619999999998,0.8428997977283735,653.6400000000001,140.0,1352.23,0.9640865979248524,606.9933333333332,32.0,1063.51336666018,0.8237663332544305,663.2582222238,157.08,-53086.44089651494,0.998892580287929,82360.11236059137,1.0,1145.5990524016202,0.9664614881821796,653.1329099151234,30.0,1088.2062181069955,0.9195553101539152,659.944885116598,71.7,19.237547064009927,29.834621096973827,27.866827052967505,56.611399999999776,48.16300000000001,298.2310000000002,288.71663333982,57.39283429462444,0.0014044814034111,0.0007178558109672,0.0760362093998992,13.03539784079985,13.319654866600011,1.0041507597999952,1.105168656800106,0.0135211318000074,0.0658406642000045,0.0548637022001457,143.37348721099988,1259.62,0.998892580287929,494.2600000000001,1.0,20.528763236006142,0.0570704325999997,0.28536128,1259.62,0.998892580287929,494.2600000000001,1.0,20.528763236006142,0.0809062826000008,0.4045401999999996,1258.0615657718315,0.9829316258921889,620.7152003897434,15.164159709752235,40.71600484806436,0.1114043879999997,0.5570307509999992,1317.9804799979927,0.998892580287929,659.5580740666389,1.0,20.54496873353756,0.0940468381999991,0.4702444710000009,145.0906639129999
serial,stationary,False,True,1027.2900000000002,1.0,84.60000000000001,0.0,645.402,0.0,72.24666666666667,1068.0,638.36,0.0,73.94666666666667,1119.0,638.4119999999996,0.0,74.87333333333363,1146.8,631.1253333441997,0.0,76.50055555200024,1195.61666656,-30268.484131204143,1.0,22777.506317129468,0.0,847.0459999999999,0.4885241590161596,89.94,304.0,814.844,0.3707234555764294,93.65333333333334,457.6,6.77274538130595,6.757104113449834,8.763137337734692,381.88800000000015,6.990000000000464,7.04200000000003,7.286666655799877,32.201999999999884,1.6017958151838158e-07,0.0191568129377702,0.0401685128000281,5.1723354448001375,5.237687435000135,0.5892243611999219,0.5868381300000692,0.0076432121999459,0.0174618419999205,0.0175949339999533,58.34507619700025,,,,,,,16.715838422,,,,,,,0.040220301999998,,,,,,,0.0214504049999995,,,,,,,0.0391617029999977,75.16174702900024
serial,stationary,False,False,1027.2900000000002,1.0,84.60000000000001,0.0,732.5040000000001,0.6736599992655099,74.04,193.8,730.82,0.6736599992655099,79.68666666666665,193.8,730.1959999999993,0.6736599992655099,81.57333333333393,193.8,727.8579999919993,0.6736599992655099,86.97711111333372,193.8,-30268.484131204143,1.0,22777.506317129468,0.0,869.8180000000002,0.9229075102890004,93.64666666666668,45.8,826.4400000000002,0.8812589290822384,98.79333333333332,70.4,6.77274538130595,1.830765959919492,1.2857464757875323,294.78600000000006,2.3080000000007885,1.6840000000000828,2.3380000079999945,43.37800000000004,5.46747151304932e-08,0.0068151871636105,0.047444945999905,5.342254681600025,5.251607302799949,0.5963101457999074,0.5960797794000428,0.0080402135999975,0.0180181106000418,0.0182854775999658,59.39059720400019,,,,,,,0.0243810089999989,,,,,,,0.0405730429999984,,,,,,,0.0223984219999984,,,,,,,0.0362187620000042,59.51416844000018
serial,stationary,True,True,1146.0399999999997,0.9978527607361963,86.18666666666667,1.4,689.5040000000001,0.0690410354713396,76.16,605.4,688.212,0.1180778032036613,74.30666666666667,609.6,724.4427673534595,0.5684133689189588,92.10674018846692,201.402205654,714.9303333419994,0.4564444648173762,89.38888888666699,244.2666666,-30068.228131204138,0.9978527607361964,22751.9796504628,1.4,824.993,0.8600278055254702,94.16,72.6,826.634,0.8260132008080424,93.76,89.4,35.4437402089565,23.307201118967512,11.399927995794688,456.5359999999996,-34.93876735345941,1.2920000000001437,9.512434011460186,-1.6409999999999627,0.0001083847751485,0.0105893089189035,0.0407591954000054,5.286406420000003,5.218310688800102,0.5884482948000368,0.5895604102001016,0.0078790321999804,0.0175094305999664,0.0179666865999934,58.83448173099987,,,,,,,0.0242432329999999,,,,,,,0.0402847649999991,,,,,,,0.019388481,,,,,,,0.0358195240000043,58.95421773399987
serial,stationary,True,False,1143.954,0.9978527607361963,86.51333333333334,1.4,740.482,0.7754455171210176,74.53333333333333,116.4,736.924,0.781507890731905,81.44666666666667,112.4,735.5179696696799,0.8409085416017295,95.79020282360008,76.200000008,727.7536333399995,0.8369058008766608,100.0186666666669,78.22,-30071.91013120414,0.9978527607361964,22752.91298379613,1.4,836.1220000000001,0.9418081022023648,94.68666666666668,32.2,835.577,0.9254725423783482,95.92,42.2,39.2253492527472,2.9395128848160805,0.9837647102115942,403.472,4.964030330320043,3.5579999999999927,7.764336329680418,0.5450000000000728,3.144257065460168e-06,0.02655775951873,0.0459965455999736,5.055340452599831,5.086889507799969,0.5884712702000797,0.5921868167999491,0.0079741800000192,0.0178637438000805,0.0177923902000657,57.06286850200013,,,,,,,0.0229457910000014,,,,,,,0.0372908019999975,,,,,,,0.0193842969999984,,,,,,,0.0364504699999983,57.178939862000114
serial,trend,False,True,1634.652,0.9704792386178868,88.78,30.2,282.85400000000016,0.0,47.56666666666666,4797.4,250.83600000000007,0.0,57.49333333333334,5095.2,278.1979999999997,0.0,49.24000000000029,4847.6,236.9993333259995,0.0,61.65277778000056,5219.9833334,-29279.1988644853,0.9637827336780768,22644.0793256631,36.99025600896724,664.545,0.0,90.42666666666666,3323.2,582.5120000000001,0.0,90.17333333333332,3691.6,14.718731467079676,16.898287013777498,19.018718568820592,1351.7979999999998,4.656000000000404,32.018000000000086,41.198666674000265,82.0329999999999,8.572702950807852e-08,0.0694876177228414,0.0461528363999605,6.222605502600072,6.297437629800152,0.8047363966000376,0.7080110020000575,0.0099860402000558,0.022864476200084,0.0358666819998688,70.73855881899999,,,,,,,0.0242677849999992,,,,,,,0.0330210480000019,,,,,,,0.0193045430000005,,,,,,,0.0380849800000007,70.85323717499998
serial,trend,False,False,1600.904,0.9769294062508636,91.74666666666668,23.6,699.0400000000001,0.3907420420606349,52.93333333333334,623.8,695.4559999999999,0.3907420420606349,66.08,623.8,698.6619999999995,0.3907420420606349,53.62666666666735,623.8,693.0615999979997,0.3907420420606349,72.31355556000035,623.8,-29344.62953010862,0.9751638677804816,22660.79982113545,25.39025600896724,962.191,0.6701226021339888,91.42,337.8,912.896,0.6321718555415963,91.41333333333333,376.6,21.93769048920142,1.4536574562117277,1.5836337960526106,901.864,0.3780000000006112,3.5840000000001737,5.600400001999788,49.29500000000007,1.6309408106683494e-07,0.1154591619857609,0.0549984905999735,5.295228594999935,5.199709557200004,0.5967528748000405,0.591595294400031,0.0077719359999719,0.0176468321999891,0.0192005329999119,58.9147893710001,,,,,,,0.023427349000002,,,,,,,0.0336318139999995,,,,,,,0.0202396260000021,,,,,,,0.0382419170000005,59.030330077000094
serial,trend,True,True,1430.538,0.9633675104621735,159.32,36.4,552.106,0.0,52.86666666666666,2062.0,619.7060000000001,0.0,63.06,1359.0,589.0563161625994,0.0,58.16228160000063,1673.068448,649.3206666739997,0.0,67.53722222000039,1050.3166666000002,-29366.912864485308,0.9551085851455992,22661.90599232977,43.19025600896724,876.4569999999998,0.6593729417521581,84.11999999999999,192.2,880.3739999999998,0.5652269788773931,85.38666666666667,243.6,152.01614537936422,32.80272342352087,38.71077081397976,878.432,-36.95031616259939,-67.60000000000014,-60.264350511400266,-3.91700000000003,0.0009053654878247,0.0102337654305367,0.0419468414000221,5.492112496200025,5.48237185579992,0.6233613934000459,0.6203907400000389,0.0086348392001127,0.0191825857998992,0.0192915986001025,61.53677912399962,,,,,,,0.0238107680000005,,,,,,,0.0287456670000025,,,,,,,0.0195712270000001,,,,,,,0.0376101339999976,61.64651691999962
serial,trend,True,False,1394.248,0.9712033034498819,159.92666666666668,28.8,731.68,0.6126811984715856,58.96,256.0,735.5959999999999,0.6728286200130862,69.68666666666665,194.6,731.2780635913994,0.6173386122453743,60.31322441333407,251.19999999999985,731.7515666679996,0.6709398991580023,77.87377778000031,196.4,-29443.75353010862,0.9694333413440098,22681.57982113545,29.79025600896724,929.373,0.876857896848184,87.20666666666666,84.8,905.793,0.8693513131884035,90.00666666666666,87.6,148.89977265261354,4.510911216151324,3.906271265619858,662.5680000000001,0.4019364086005907,-3.91599999999994,-0.4735030766001955,23.579999999999927,0.0259487371034504,0.4887591783073571,0.0552392417999726,5.731577329000084,5.809866140399936,0.6976874448001581,0.6706709163998312,0.0094900969999798,0.0210836103999099,0.0224821587999031,65.09082441800001,,,,,,,0.0227144730000006,,,,,,,0.029368926,,,,,,,0.0191250379999985,,,,,,,0.0383402419999967,65.200373097
serial,seasonal,False,True,1033.628,0.8673340225825814,54.89333333333333,79.2,594.3340000000001,0.0,42.60666666666667,1710.6,564.78,0.0,51.67333333333333,1982.6,589.4911011599996,0.0,44.20875262000013,1758.6625786,552.3816666740001,0.0,55.35888888666701,2093.1666665999987,-30229.60361686647,0.8462195423113699,22729.57080063263,91.334505094827,910.189,0.1470304237170459,79.87333333333332,536.8,880.2239999999999,0.0618881118881119,86.70666666666666,708.0,17.331565884247155,19.11252113144674,21.68490115950116,439.2939999999999,4.84289884000043,29.554000000000087,37.109434485999486,29.965000000000032,1.6235595690012897e-05,0.025759074963342,0.0543169432000468,6.552824477999911,6.165196873599962,0.6744797592000396,0.6941860463999546,0.0096424094000212,0.0220933267999498,0.0241337740001654,70.98465221000015,,,,,,,0.0254071709999976,,,,,,,0.028176148,,,,,,,0.0197381479999982,,,,,,,0.0379715819999972,71.09594525900015
serial,seasonal,False,False,961.404,0.9144945361339868,63.54,51.0,741.186,0.6712099986215223,55.7,196.2,736.3620000000001,0.6712099986215223,66.8,196.2,740.907307598,0.6712099986215223,55.87248260000001,196.2,732.4318333599995,0.6712099986215223,74.45499997333391,196.2,-30364.313530108622,0.9113647179364914,22764.45982113545,52.79025600896724,831.617,0.8693725830978917,109.63333333333333,78.0,792.296,0.8467357408290317,125.46,91.6,15.91185796819471,1.4811563050535894,1.558321671989618,220.21800000000007,0.2786924020000469,4.823999999999955,8.475474238000515,39.32099999999991,1.0156724304342271e-05,0.0068005532892813,0.0490932065999913,5.184849088400005,4.934087935999924,0.593144406799911,0.587861516599969,0.007940633599901,0.0176344368000172,0.0179080198000519,56.96291411000038,,,,,,,0.0238351680000015,,,,,,,0.0287294820000028,,,,,,,0.0191616559999978,,,,,,,0.0354198180000011,57.07006023400038
serial,seasonal,True,True,877.512,0.8493568917826071,103.33333333333333,84.6,692.5380000000001,0.1575903614457831,51.486666666666665,660.8,715.182,0.4248760720716893,74.84,257.6,727.9397893265999,0.4195977618771289,60.57169085466667,261.55072564,691.1946666675994,0.4234845257485255,86.1994444440007,229.58333332,-30339.39761686647,0.8216190273897693,22752.44413396596,98.334505094827,685.1379999999999,0.6418224852573498,108.59333333333332,146.6,668.3439999999999,0.524737318856614,124.66,217.8,87.80105156545676,23.24379951729066,11.020078381462362,184.97399999999982,-35.40178932659978,-22.64399999999989,36.74512265900046,16.793999999999983,0.0120546020949835,0.0191146859594281,0.0393463758000507,4.993596991799859,5.025021401399954,0.5833553143999779,0.5892702139998619,0.0078275691998896,0.0171148402000653,0.0175089981999008,56.36545272100011,,,,,,,0.0250043099999999,,,,,,,0.028787642000001,,,,,,,0.0207107180000001,,,,,,,0.0355155040000028,56.47547089500011
serial,seasonal,True,False,830.028,0.9037168820512761,102.94666666666667,55.2,743.0360000000001,0.8330839724494863,72.24,81.0,734.566,0.8487649637234949,82.51333333333332,71.6,742.808652234379,0.8482571287549681,74.54432274666726,72.4,720.4544333339992,0.8339857436153986,92.50433333333396,79.03999999999999,-30444.67953010862,0.900851397879454,22784.78648780212,56.39025600896724,739.6959999999999,0.8873504210478826,113.5,57.0,710.454,0.868329347601664,130.24666666666667,66.2,45.86154223311727,2.277407297784072,2.4792861319682924,86.99199999999996,0.2273477656210616,8.470000000000027,22.35421890037981,29.24199999999996,7.949485431257314e-05,0.7279642056428393,0.0412118578001354,5.229999829400003,5.193114269799935,0.6264052250001442,0.5965620908000346,0.0082921677999365,0.018176876400048,0.0178164861999903,58.65814692499998,,,,,,,0.0292935420000013,,,,,,,0.0285324399999993,,,,,,,0.0214434740000015,,,,,,,0.034049435,58.77146581599998
serial,shock,False,True,1445.7999999999995,1.0,100.1,0.0,420.1719999999999,0.0,67.8,3344.0,401.676,0.0,72.85333333333332,3495.6,413.2999999999994,0.0,70.24000000000053,3417.2,392.7953333441997,0.0,75.82055555200026,3584.6166665600003,-29600.202131204143,1.0,22707.126317129467,0.0,668.5560000000002,0.0,98.04666666666668,2452.6,567.0960000000001,0.0,98.75333333333332,2726.0,14.048150056146127,13.924337542590806,14.56526278513372,1025.6279999999997,6.872000000000469,18.495999999999924,20.504666655799724,101.46000000000004,1.401682748178964e-07,0.0245229889352186,0.0705232178000187,5.524229197000023,5.763361628200073,0.6546185131999664,0.6925600189999386,0.0101690742000755,0.0205678239999542,0.0200427979999403,63.780653191000056,,,,,,,0.0278011750000004,,,,,,,0.0345297250000022,,,,,,,0.0200605330000023,,,,,,,0.0349012200000018,63.897945844000056
serial,shock,False,False,1445.7999999999995,1.0,100.1,0.0,704.976,0.4485927472015469,69.08666666666667,491.8,701.6779999999999,0.4485927472015469,78.92,491.8,703.0479999999994,0.4485927472015469,74.93333333333393,491.8,698.9387999979995,0.4485927472015469,85.87511110666703,491.8,-29600.202131204143,1.0,22707.126317129467,0.0,876.5559999999999,0.6910258407552587,100.46,275.6,794.754,0.6299224930991555,102.16666666666666,330.0,14.048150056146127,2.0725694198264626,1.2389253407691825,740.8239999999997,1.9280000000005657,3.2980000000001155,4.109200001999966,81.80199999999991,5.5991172207578186e-08,0.0143327343804394,0.0428812145999472,5.710973129800005,5.767754661599975,0.6359701184001096,0.6218715906000398,0.0084681498000463,0.020967371199913,0.0196931305998987,64.14315096099972,,,,,,,0.0267337559999987,,,,,,,0.031820691,,,,,,,0.019521461,,,,,,,0.0346599209999993,64.2558867899997
serial,shock,True,True,1652.8700000000001,0.9985815602836879,110.88666666666666,1.4,570.1020000000001,0.0,70.02,1827.8,581.5919999999999,0.0,72.03333333333333,1696.2,643.6883087398594,0.0,79.92249892066714,1053.87496762,628.6303333419996,0.0,84.68222222000033,1171.4666666,-29251.548131204145,0.998581560283688,22669.639650462803,1.4,848.4889999999999,0.0763958069704936,93.26666666666668,610.0,788.7500000000001,0.0120082815734989,91.89333333333332,910.6,67.22364792243877,53.50004837381,26.837861692319347,1082.768,-73.5863087398593,-11.489999999999782,15.057975397859764,59.738999999999805,0.004787732353289,0.0090516923113353,0.0483425080000415,5.252935730399986,5.150152928399985,0.5983471981999173,0.6051450384000419,0.0081277197999952,0.0179348239998944,0.0183919940001032,58.49716156100021,,,,,,,0.0253886280000017,,,,,,,0.0280379979999985,,,,,,,0.0207609959999999,,,,,,,0.0335723709999982,58.60492155400021
serial,shock,True,False,1650.812,0.9985815602836879,111.11999999999998,1.4,729.366,0.6144310349449515,68.70666666666666,253.8,728.8319999999999,0.6566622998276567,79.28,211.8,727.0904056964,0.6594913006541075,83.07112266733341,207.3999999999998,726.0076333399995,0.7051962454712154,95.4946666666669,169.0,-29255.230131204145,0.998581560283688,22670.572983796137,1.4,847.595,0.8481579662845722,100.92,99.0,826.2959999999999,0.8127086154631058,97.69333333333334,124.0,71.22655246465328,5.1823338371817655,1.5126329355326171,921.4459999999999,2.275594303599973,0.5340000000001055,1.0827723564004827,21.29900000000009,0.007400708276256,0.3067005067672714,0.0670067159998325,9.111394502799886,13.345858509600111,0.9040500313999472,0.9767923033999067,0.0183715248000225,0.026317621599901,0.0266154295999513,122.3826339520001,,,,,,,0.0331606180000001,,,,,,,0.0285472210000001,,,,,,,0.0193075610000015,,,,,,,0.0339099830000009,122.4975593350001
base,stationary,True,True,931.8048,0.9757099491361532,576.6400000000001,15.2,662.9469999999999,0.9524810194493072,714.2266666666667,24.6,661.972,0.9272709775721908,708.6600000000001,38.4,553.08746216853,0.9139272563955846,738.5872545609999,40.814281320000006,591.1042166638,0.8994513487050492,724.0886666673334,50.29333321999999,-53630.95089651494,0.9779273419168928,82411.51902725802,14.0,769.2959364583332,0.9741155552267776,772.2214583333332,15.0,782.3732208333333,0.961887279437143,755.9802430555555,22.6375,64.55547998241502,136.2711900439708,97.88320531562437,268.8578000000002,109.85953783146988,0.974999999999909,-38.01675449526999,-13.07728437500009,0.0145878787163817,0.0071823097514314,0.1020152253999984,17.8617011222,19.1509840776,1.6621737201999984,1.2614925934000027,0.0193688358000002,0.0508399518000004,0.0505615829999989,200.796042564,715.1099999999999,0.9779273419168928,545.6666666666666,14.0,50.33858639254786,0.0665149341999992,0.3325841099999991,-5879.80609821166,0.9779273419168928,7045.9716626266645,14.0,13238.428729873256,0.1131380537999994,0.5657019100000014,774.5516360884949,0.977569272312955,769.4569426628628,13.25591052013139,25.632539011920983,0.1097833922000006,0.5489241840000005,772.9399999999999,0.9779273419168928,709.0,14.0,50.338586392547846,0.0950993572000001,0.4755066490000033,202.718759417
base,stationary,True,False,898.0106000000002,0.9757099491361532,584.6666666666666,15.2,749.3439999999999,0.9785532744764452,698.3733333333333,12.4,668.0809999999998,0.9627596525644864,709.0,20.8,531.3878780798199,0.956769656854686,743.5711336922002,21.39869704600001,591.3573669515899,0.9460977065159988,726.4395554777333,28.773333214,-53665.15489651494,0.978260120619056,82418.41902725803,13.8,759.8301854166667,0.9819931386916388,774.9183333333333,10.75,774.5603333333335,0.9759071633188272,761.1207291666666,14.8,84.56633217208858,88.60670958793122,53.24336774576066,148.66660000000024,217.95612192018007,81.26300000000015,-59.96948887177007,-14.730147916666738,0.0044363122142696,0.0052559990436853,0.0803414066000129,15.155368882800014,14.5609015156,0.9304426336000062,0.937500305400016,0.0140859219999811,0.036120544799985,0.0361813589999883,158.75495432600002,680.906,0.978260120619056,552.5666666666666,13.8,65.96447819849713,0.0634218468000014,0.3171173730000021,-5915.909926397993,0.978260120619056,7053.736752341191,13.8,13253.618386567374,0.1214474885999997,0.6072524430000001,790.400294507277,0.9824246935570984,784.2190667939534,10.895844287876104,24.3412083211234,0.0936345856000002,0.4681812459999968,738.7360000000001,0.978260120619056,715.9,13.8,65.96447819849706,0.0950858027999999,0.4754403450000026,160.62294573300002
base,trend,True,True,1334.9599999999998,0.7361925412755662,480.12666666666667,225.6,1194.261,0.8527674123828864,604.0733333333333,115.6,946.796,0.752165063925011,641.0733333333333,168.8,1087.2844260462998,0.8523796282619314,624.2599627239333,107.693027632,906.0692166508,0.7107501001971477,648.8380000039999,191.62000012000004,-53148.63889651494,0.7361925412755662,82337.95236059136,225.6,1046.293874537037,0.7963038778137788,659.4698148148148,159.4,1001.8861201388888,0.7377256352193681,674.6102314814814,198.4,60.1228390979668,84.2064374855035,132.57773584679677,140.69899999999984,106.97657395370015,247.46500000000003,181.21520939549976,44.40775439814831,0.0202360858674488,0.0309390103452886,0.0741228818000195,12.630844921200003,12.483369815800009,0.8292852480000079,0.8253326723999749,0.0117970536000029,0.0339602217999868,0.0343056904000036,134.61538320800005,1197.4219999999998,0.7361925412755662,472.1,225.6,59.00778030056706,0.0582645495999997,0.2913317500000012,1197.4219999999998,0.7361925412755662,472.1,225.6,59.00778030056706,0.0869730680000003,0.4348757120000002,1028.9085704379745,0.7951497050402813,662.684705897745,148.40875037051742,76.46638242803708,0.0949000692000005,0.4745074359999996,1255.252,0.7361925412755662,635.4333333333334,225.6,59.00778030056722,0.1373466504000006,0.6867436869999963,136.50284179300007
base,trend,True,False,1292.86,0.9031582975109046,516.92,89.0,1184.664,0.9182940208110264,621.26,69.2,884.7789999999999,0.89782615767678,668.6133333333333,72.8,1030.13561515289,0.922438237585786,642.4281608135332,59.387408062000006,806.5570833243999,0.8886414648696519,680.9954444526667,76.35,-53221.22689651494,0.9031582975109046,82369.72569392469,89.0,992.9790958333336,0.9132883650008508,687.1923765432098,73.1,985.0941831018516,0.9069486382316536,683.1399922839506,76.45,74.42349421251325,103.27889152193688,115.1027913158195,108.19600000000014,154.52838484710992,299.8850000000001,223.5785318284902,7.884912731481791,0.0696577493073313,0.0462658377205188,0.1023700666000195,15.634412232000011,14.305634832800012,1.1758335915999851,1.2273089774000254,0.0174068003999991,0.0638965540000072,0.06228437999996,162.94604312699994,1124.8339999999998,0.9031582975109046,503.8733333333333,89.0,76.49211922806158,0.0594365917999994,0.2971927170000015,1124.8339999999998,0.9031582975109046,503.8733333333333,89.0,76.49211922806158,0.0700947321999997,0.3504818780000001,1034.421858347177,0.9174810762051108,662.0645872761023,66.20198493488135,77.04915038409382,0.0936199026000004,0.468106573,1182.6640000000002,0.9031582975109046,667.2066666666667,89.0,76.49211922806167,0.2418991871999992,1.2095103690000002,165.27133466399994
base,seasonal,True,True,672.9832,0.5126886557782268,569.58,258.2,540.1039999999998,0.7123682804665562,704.5133333333334,140.0,459.35999999999984,0.8095359145298293,733.9266666666666,84.8,497.6878519775129,0.7184394551738398,716.6172072403799,131.53601610259994,429.6800166539999,0.7850500286002033,740.300000004,94.72000012000004,-53878.05089651495,0.5126886557782268,82403.61236059137,258.2,493.15391666666665,0.6302926413691948,797.6485185185186,180.0,407.99478796296296,0.6186104905036153,816.8217592592594,174.65,40.41127691325784,44.88360005614532,53.78908758328608,132.8792000000002,42.41614802248694,80.74399999999997,68.007835323513,85.15912870370369,0.0023449954318271,0.062604847281483,0.0796320690000357,12.2038057236,12.249569960799978,0.8757172732000527,1.0181370658000106,0.0122820260000025,0.0384724024000433,0.0395658238000351,132.58614645900002,468.0099999999999,0.5126886557782268,537.76,258.2,38.440965128362784,0.0562405773999998,0.2812127950000018,-39760.25504655209,0.5126886557782268,41639.39051757266,258.2,1722.7143133746288,0.158708828400001,0.793557976999999,525.8343124179489,0.6728693269037482,731.5933400649403,157.72032909741003,75.29331172728918,0.0908589869999993,0.4543017340000013,525.84,0.5126886557782268,701.0933333333334,258.2,38.44096512836283,0.1203062255999995,0.6015436690000016,134.71676263400002
base,seasonal,True,False,513.0759999999998,0.8364273010367468,615.5666666666666,87.6,443.093,0.8805653667298439,734.8266666666666,59.4,443.989,0.926661889784632,745.1866666666666,34.6,414.9891844955701,0.8788450887654375,740.4110250574666,58.469001044,427.803116652,0.901962070287184,749.5314444506666,46.78333334,-54063.70889651495,0.8374226319490716,82444.37236059135,87.4,400.620786111111,0.8657705213908982,824.3614814814815,68.35,380.6402685185185,0.8799120294519156,828.844537037037,60.0,48.67866213855919,23.18483224006592,26.8539677673894,69.98299999999983,28.10381550442992,-0.8960000000000719,-12.813932156429928,19.98051759259249,0.0134913460979359,0.014043622306502,0.0704943425999999,12.23168033039999,12.035948897999992,0.8755817334000312,0.915082167799983,0.011717184400004,0.035312196000018,0.0360586210000064,131.05962377499998,282.35199999999986,0.8374226319490716,578.5200000000001,87.4,44.79657638704099,0.0521527176000006,0.2607712090000014,-40000.54942768767,0.8374226319490716,41752.965201765,87.4,1746.055215410736,0.0905713975999987,0.4528685890000012,468.9049831226894,0.8786135816372115,754.3148964807211,62.8,39.52958555176076,0.0966765622000004,0.4833902290000011,340.182,0.8374226319490716,741.8533333333334,87.4,44.79657638704104,0.0974656093999996,0.4873375889999991,132.74399139099998
base,shock,True,True,1612.8996,0.9836497180283654,488.20666666666665,15.2,1214.2330000000002,0.9688308355741618,626.6333333333333,24.0,919.798,0.783645396353467,663.3799999999999,146.0,979.36685273401,0.940813697447354,666.6421487510667,39.96627421800004,840.0664833396,0.7373146338331799,680.0572222186668,167.25333315999998,-52887.10289651495,0.9853078932541962,82336.57236059135,14.0,1113.8123671875,0.9593447063130937,653.4006712962962,33.40625,1001.9709991319444,0.8452785527090262,675.8032002314815,114.7,141.93888583415048,195.6853623958625,152.87881284924595,398.6665999999998,234.86614726599032,294.4350000000002,139.3003693944098,111.84136805555568,0.0119178653250043,0.0010605639229223,0.0760338576000094,12.310641098599968,12.306487889999994,0.8006493683999907,0.8155316248000191,0.0112044981999588,0.0320150219999732,0.0325234643999692,131.9256968999999,1458.958,0.9853078932541962,470.7200000000001,14.0,106.34142022749188,0.0550542301999996,0.2752792470000003,1458.958,0.9853078932541962,470.7200000000001,14.0,106.34142022749188,0.0748557997999995,0.3742917309999996,1161.4221811972272,0.9607205811851676,637.7089689568816,31.52715146580285,52.88347382599843,0.1027797901999996,0.5139087999999994,1516.788,0.9853078932541962,634.0533333333333,14.0,106.34142022749198,0.0977873555999991,0.4889484899999985,133.57812516799987
base,shock,True,False,1579.198,0.9836497180283654,496.2333333333333,15.2,1339.0839999999996,0.9834956420332936,601.72,13.8,863.4010000000001,0.9053287221984654,679.7,66.6,995.45222469186,0.9654169149632236,668.2458581474,24.719536622000007,776.8547669503298,0.8762455116109169,697.0555554801333,84.533333214,-52921.306896514936,0.9855308586945528,82343.47236059136,13.8,1132.3670913194444,0.9761130884739998,649.8415779320987,20.95,1016.4357979456016,0.9392719961092284,673.7283487654322,49.175,162.35303560697605,145.31900252203752,78.90868614707377,240.11400000000023,343.6317753081397,475.68299999999954,218.5974577415301,115.93129337384266,0.0034860394208049,0.0061616792102825,0.0668838797999797,11.048743608799986,10.883329612399985,0.7736807658000544,0.7825033997999981,0.0106850334000228,0.0311332908000167,0.0317622839999785,118.14378158299996,1424.754,0.9855308586945528,477.62000000000006,13.8,123.2420448710586,0.0543145100000003,0.2715798980000024,1424.754,0.9855308586945528,477.62000000000006,13.8,123.2420448710586,0.1015564396000002,0.5077948120000002,1168.4925904593474,0.9708878035260244,641.4298086053016,24.827957520501457,55.73678346392645,0.0958578639999991,0.4792982449999989,1482.584,0.9855308586945528,640.9533333333333,13.8,123.24204487105855,0.0902276279999995,0.4511504829999992,119.85360502099996
