Network,Demand,Goodwill,Backlog,Agent,Horizon,Profit_Mean,Profit_Std,FillRate_Mean,AvgInv_Mean,Unfulfilled_Mean,Time_Mean_Sec,Num_Seeds
base,stationary,False,True,DLP_H10,10,793.2429999999999,56.48336379855578,0.8767947120165862,664.5066666666665,75.8,2.8798141479492188,5
base,stationary,False,True,DLP_H10_Blind,10,792.6890000000001,57.4638650283811,0.8913980328838326,662.4266666666666,65.6,3.4437018394470216,5
base,stationary,False,True,DLP_Adaptive,26,838.8456,48.040805957435815,0.7902739322834931,663.4733333333334,129.4,4.6579371929168705,5
base,stationary,False,True,DLP_Adaptive_Blind,26,840.271,54.77570150714636,0.8476090111745167,657.4,92.4,3.6538934230804445,5
base,stationary,False,False,DLP_H10,10,742.3090000000001,34.7662263410914,0.9570683122804265,679.2733333333333,26.2,2.4145244121551515,5
base,stationary,False,False,DLP_H10_Blind,10,731.484,49.58174859764426,0.9486854266191524,676.6800000000001,31.0,2.562500238418579,5
base,stationary,False,False,DLP_Adaptive,26,789.7752,28.14672110495288,0.9541910153323585,677.2733333333333,28.0,3.4913702964782716,5
base,stationary,False,False,DLP_Adaptive_Blind,26,761.8442,25.164824286292976,0.9331054410725337,675.7666666666667,40.6,3.2796148300170898,5
base,stationary,True,True,DLP_H10,10,556.705,70.45104633715528,0.9197678442643827,704.8266666666667,36.8,2.4992764472961424,5
base,stationary,True,True,DLP_H10_Blind,10,666.1250000000001,75.30851811050326,0.9136496918259767,678.3533333333334,45.6,2.386062669754028,5
base,stationary,True,True,DLP_Adaptive,26,610.3543999999999,69.59408052298703,0.91838535578512,701.6666666666667,37.4,1.2389100551605225,5
base,stationary,True,True,DLP_Adaptive_Blind,26,688.5439999999999,70.69396564912735,0.8969857981895142,677.5133333333333,54.2,1.0546635150909425,5
base,stationary,True,False,DLP_H10,10,596.0200000000001,72.68072667495831,0.9587800429263957,706.4866666666667,21.6,0.7745535850524903,5
base,stationary,True,False,DLP_H10_Blind,10,652.725,114.84896656043536,0.9522467548437163,686.5533333333333,26.0,0.9087144374847412,5
base,stationary,True,False,DLP_Adaptive,26,652.087,72.22800233981278,0.95861306716758,702.0266666666668,21.8,1.1981875419616699,5
base,stationary,True,False,DLP_Adaptive_Blind,26,669.3446,74.15384860302262,0.9423494442476793,687.8333333333334,31.4,1.1771812915802002,5
base,trend,False,True,DLP_H10,10,1692.1209999999999,66.71170979670656,0.7162098400926415,494.8466666666667,293.0,0.8240361213684082,5
base,trend,False,True,DLP_H10_Blind,10,1643.0670000000002,63.34018042285624,0.46429363932101353,504.90666666666664,549.8,1.5368505001068116,5
base,trend,False,True,DLP_Adaptive,26,1720.7476,62.30066939158846,0.6781415154868222,492.9466666666667,333.0,4.50207290649414,5
base,trend,False,True,DLP_Adaptive_Blind,26,1266.5185999999999,52.83251538058744,0.0,561.0333333333333,1999.8,5.845205354690552,5
base,trend,False,False,DLP_H10,10,1477.2679999999998,40.130845318781894,0.8963204098438833,554.1266666666668,106.6,3.155752182006836,5
base,trend,False,False,DLP_H10_Blind,10,1300.0,33.66248549943981,0.818839241759848,583.9666666666667,186.0,2.534627676010132,5
base,trend,False,False,DLP_Adaptive,26,1515.764,39.609284340921896,0.8961297520745791,553.8399999999999,106.8,3.385421371459961,5
base,trend,False,False,DLP_Adaptive_Blind,26,1027.8986,36.31460738931379,0.6785383901527441,636.3533333333332,329.4,3.402110147476196,5
base,trend,True,True,DLP_H10,10,1058.9630000000002,106.30740583797537,0.8513253143607397,606.28,106.6,2.4323095798492433,5
base,trend,True,True,DLP_H10_Blind,10,844.4419999999998,62.87375434948986,0.7873086338728739,637.0066666666667,131.0,2.469165086746216,5
base,trend,True,True,DLP_Adaptive,26,1098.574,106.77192699019722,0.8518030395332911,606.6,106.4,3.557524251937866,5
base,trend,True,True,DLP_Adaptive_Blind,26,831.2426000000002,59.940899614870645,0.7085632474555394,642.3733333333333,172.6,4.051447057723999,5
base,trend,True,False,DLP_H10,10,1013.6209999999999,100.84888305777119,0.9163361892400863,626.3266666666667,63.8,2.8060344219207765,5
base,trend,True,False,DLP_H10_Blind,10,879.2220000000001,54.738721998234524,0.8874197371861989,644.08,82.4,3.4102737426757814,5
base,trend,True,False,DLP_Adaptive,26,1064.1934,102.22950849651974,0.9177528965879482,627.2466666666667,63.0,3.992355489730835,5
base,trend,True,False,DLP_Adaptive_Blind,26,879.4646,70.09392400657846,0.8658329334187156,653.5066666666667,96.8,4.033770179748535,5
base,seasonal,False,True,DLP_H10,10,796.625,42.91419368926796,0.45210783742458843,619.3266666666666,333.2,2.9858653068542482,5
base,seasonal,False,True,DLP_H10_Blind,10,776.7320000000002,52.22050905535101,0.37762833301840726,621.3733333333333,376.2,2.6046031951904296,5
base,seasonal,False,True,DLP_Adaptive,26,840.8657999999999,37.43967270903954,0.3843521558250918,616.1333333333334,377.6,3.650311231613159,5
base,seasonal,False,True,DLP_Adaptive_Blind,26,790.3030000000001,55.117852109820106,0.11079821197375248,621.5066666666668,579.8,3.6929908752441407,5
base,seasonal,False,False,DLP_H10,10,588.6339999999999,21.018827607647346,0.8297708690660933,677.3666666666666,102.8,2.463164758682251,5
base,seasonal,False,False,DLP_H10_Blind,10,587.9810000000001,30.728659814577078,0.834293949114489,679.0666666666666,99.8,2.719586229324341,5
base,seasonal,False,False,DLP_Adaptive,26,643.439,20.865144284188382,0.8294539118553168,673.6266666666667,103.0,1.6088981628417969,5
base,seasonal,False,False,DLP_Adaptive_Blind,26,607.9674,29.376954938182358,0.8139715832066035,681.8,112.0,1.0473461151123047,5
base,seasonal,True,True,DLP_H10,10,518.698,34.510715089664494,0.668936940004605,669.12,154.4,0.8109253406524658,5
base,seasonal,True,True,DLP_H10_Blind,10,488.0720000000001,25.234450380382754,0.7449168020285171,680.3066666666666,119.4,0.894658374786377,5
base,seasonal,True,True,DLP_Adaptive,26,570.1121999999999,34.21870739464018,0.668936940004605,672.3199999999999,154.4,1.0344825744628907,5
base,seasonal,True,True,DLP_Adaptive_Blind,26,514.6588,33.615459999232556,0.6614702328790745,681.0,153.0,1.0026718616485595,5
base,seasonal,True,False,DLP_H10,10,426.6550000000001,33.93876765588282,0.8786688630680821,701.46,59.2,0.7226187705993652,5
base,seasonal,True,False,DLP_H10_Blind,10,456.62299999999993,16.609902648721317,0.8819883875427031,700.2733333333333,59.0,0.8880616188049316,5
base,seasonal,True,False,DLP_Adaptive,26,481.4887999999999,33.21801318802796,0.8770378319105653,703.3866666666667,60.0,1.167730188369751,5
base,seasonal,True,False,DLP_Adaptive_Blind,26,480.0397999999999,21.464020773377936,0.8720834607895644,701.2133333333334,63.0,1.091998815536499,5
base,shock,False,True,DLP_H10,10,1413.15,68.38175487657513,0.9066229026841046,567.8733333333334,84.6,0.7541744709014893,5
base,shock,False,True,DLP_H10_Blind,10,1372.3600000000001,71.64841065927413,0.5734976788372868,577.7133333333334,379.4,0.8130723476409912,5
base,shock,False,True,DLP_Adaptive,26,1443.7796,59.03830933419411,0.8429672748348496,571.7266666666667,143.0,1.015412187576294,5
base,shock,False,True,DLP_Adaptive_Blind,26,816.0340000000002,50.530091525743316,0.0,640.28,1915.0,1.0080957889556885,5
base,shock,False,False,DLP_H10,10,1358.144,48.20816148744935,0.9676156888571942,583.2,29.2,0.7268293857574463,5
base,shock,False,False,DLP_H10_Blind,10,1103.695,52.749660378053704,0.8425998119117498,630.6266666666667,140.0,0.7547796249389649,5
base,shock,False,False,DLP_Adaptive,26,1395.3862000000001,42.87526500629474,0.96609631165282,585.78,30.6,1.0177025318145752,5
base,shock,False,False,DLP_Adaptive_Blind,26,801.5432000000001,28.58820658523374,0.6610637456060571,665.9666666666667,302.2,1.0380486011505128,5
base,shock,True,True,DLP_H10,10,1033.722,127.51624800785186,0.9274180308625111,633.8866666666667,48.0,0.720984697341919,5
base,shock,True,True,DLP_H10_Blind,10,892.7199999999999,78.06538227665317,0.7994081123406683,642.6866666666667,131.8,0.7231716632843017,5
base,shock,True,True,DLP_Adaptive,26,1075.1545999999998,125.89928344291724,0.922986360257244,635.6,50.8,1.088764762878418,5
base,shock,True,True,DLP_Adaptive_Blind,26,827.5629999999999,67.53848943528418,0.659766320258624,649.4333333333333,203.4,1.1842318058013916,5
base,shock,True,False,DLP_H10,10,1087.759,112.31470252820866,0.9592343769237409,629.3466666666667,31.0,0.7616005897521972,5
base,shock,True,False,DLP_H10_Blind,10,825.759,73.32495464710499,0.9151441835207901,663.3800000000001,56.8,0.7334395408630371,5
base,shock,True,False,DLP_Adaptive,26,1145.722,113.0452447314791,0.9635523011746574,630.6066666666668,27.6,0.9705636501312256,5
base,shock,True,False,DLP_Adaptive_Blind,26,795.2246000000001,21.843275867872904,0.8890029732954148,671.4666666666667,72.6,1.0488691329956055,5
base,trend+seasonal,False,True,DLP_H10,10,1515.3830000000003,63.803449326819326,0.062105049072874216,469.70666666666665,1009.8,0.7643601894378662,5
base,trend+seasonal,False,True,DLP_H10_Blind,10,1401.328,63.53825041657979,0.0,480.77333333333337,1231.2,0.7593070030212402,5
base,trend+seasonal,False,True,DLP_Adaptive,26,1538.1388000000002,54.5575554525677,0.062105049072874216,469.67333333333335,1051.8,1.024675178527832,5
base,trend+seasonal,False,True,DLP_Adaptive_Blind,26,1319.3126,78.24211955104484,0.0,504.18666666666667,2184.2,1.0297109127044677,5
base,trend+seasonal,False,False,DLP_H10,10,1069.4029999999998,37.34830017550999,0.7547650885563031,600.76,237.0,0.7319653034210205,5
base,trend+seasonal,False,False,DLP_H10_Blind,10,977.262,44.9917657577472,0.7130582758361299,612.6733333333334,277.0,0.7349471092224121,5
base,trend+seasonal,False,False,DLP_Adaptive,26,1115.4538,38.69602506408116,0.755166694982006,602.6333333333333,236.6,1.057255506515503,5
base,trend+seasonal,False,False,DLP_Adaptive_Blind,26,925.6317999999999,40.14174509609666,0.6706893781719473,638.88,317.8,1.0525082111358643,5
base,trend+seasonal,True,True,DLP_H10,10,806.3870000000001,96.97041649905391,0.23603616956005052,609.6200000000001,468.0,0.7557539939880371,5
base,trend+seasonal,True,True,DLP_H10_Blind,10,599.117,45.242257635975655,0.3896082061700833,651.5133333333333,321.2,0.7845600605010986,5
base,trend+seasonal,True,True,DLP_Adaptive,26,842.7028,96.10030751126656,0.23603616956005052,605.7133333333334,468.0,1.004331111907959,5
base,trend+seasonal,True,True,DLP_Adaptive_Blind,26,604.1299999999999,68.34252219518977,0.22288742558081576,654.2533333333333,411.0,1.0202459335327148,5
base,trend+seasonal,True,False,DLP_H10,10,629.409,57.82396435734925,0.776964570788282,670.2266666666667,149.6,0.7465368270874023,5
base,trend+seasonal,True,False,DLP_H10_Blind,10,562.324,39.53349091593107,0.8194883716551242,683.1666666666667,108.8,0.7716807842254638,5
base,trend+seasonal,True,False,DLP_Adaptive,26,677.6959999999999,57.261302356827315,0.776964570788282,666.2266666666667,149.6,1.0175848484039307,5
base,trend+seasonal,True,False,DLP_Adaptive_Blind,26,546.7113999999999,33.92648895833463,0.8008822824829126,689.6933333333334,115.4,1.021226739883423,5
base,trend+shock,False,True,DLP_H10,10,2298.679,20.474040734549604,0.38389359614884633,342.0133333333333,1020.4,0.7548580646514893,5
base,trend+shock,False,True,DLP_H10_Blind,10,2188.984,14.984894527490024,0.0,373.3066666666667,1959.2,0.8194653987884521,5
base,trend+shock,False,True,DLP_Adaptive,26,2950.9702,72.756318833212,0.7718564536153102,341.9,379.4,1.1419794082641601,5
base,trend+shock,False,True,DLP_Adaptive_Blind,26,793.6786,51.22913242911694,0.0,561.0333333333333,6728.2,1.0649687767028808,5
base,trend+shock,False,False,DLP_H10,10,2350.007,2.612241566164934,0.807887183309757,383.12666666666667,317.4,0.7261216640472412,5
base,trend+shock,False,False,DLP_H10_Blind,10,2003.766,42.50041698618969,0.722373133796965,502.16666666666663,457.8,0.868465518951416,5
base,trend+shock,False,False,DLP_Adaptive,26,2764.384,55.8015434732769,0.9314543741376042,377.4666666666666,113.4,1.1724112033843994,5
base,trend+shock,False,False,DLP_Adaptive_Blind,26,965.4985999999999,36.05491353255475,0.4214069975000264,636.3533333333332,953.4,1.1258392333984375,5
base,trend+shock,True,True,DLP_H10,10,1830.444,200.46980516776097,0.8932949106812309,489.0733333333334,114.0,0.7846444129943848,5
base,trend+shock,True,True,DLP_H10_Blind,10,1143.559,71.86609300636837,0.6811362960207765,591.8066666666667,245.4,0.7475755691528321,5
base,trend+shock,True,True,DLP_Adaptive,26,1852.6188000000002,188.02143357968535,0.8968081438217391,487.67333333333335,111.2,0.974971342086792,5
base,trend+shock,True,True,DLP_Adaptive_Blind,26,1004.3405999999999,49.121473461613455,0.41600877313498524,612.2066666666667,409.8,1.0049795627593994,5
base,trend+shock,True,False,DLP_H10,10,1831.119,146.64768888052745,0.9451979520793161,500.9666666666666,63.0,0.7415497779846192,5
base,trend+shock,True,False,DLP_H10_Blind,10,1084.5610000000001,27.69887802781917,0.8583978024269168,613.9399999999999,123.0,0.7658194065093994,5
base,trend+shock,True,False,DLP_Adaptive,26,1858.9218,131.5645911397135,0.9447553174035624,495.70666666666665,63.6,1.0036925792694091,5
base,trend+shock,True,False,DLP_Adaptive_Blind,26,954.4165999999999,65.60079176534376,0.7956727434695349,641.5066666666668,169.4,1.017790937423706,5
base,seasonal+shock,False,True,DLP_H10,10,1226.265,61.99622738522075,0.5694216905558933,554.5733333333333,349.8,0.7654191493988037,5
base,seasonal+shock,False,True,DLP_H10_Blind,10,1160.0440000000003,64.60859597607731,0.43170110084298835,560.7666666666667,459.0,0.7401181221008301,5
base,seasonal+shock,False,True,DLP_Adaptive,26,1258.6301999999998,54.80273985632467,0.5174226545060395,558.2,392.8,1.0400400638580323,5
base,seasonal+shock,False,True,DLP_Adaptive_Blind,26,1159.494,72.11731429552829,0.01590819436973283,570.04,843.2,1.1942594051361084,5
base,seasonal+shock,False,False,DLP_H10,10,1008.0550000000001,34.09572363215074,0.8651535742993657,614.9733333333334,108.8,0.8028507709503174,5
base,seasonal+shock,False,False,DLP_H10_Blind,10,931.7729999999999,26.334885152588072,0.8246225341612938,627.9133333333333,141.4,0.8883545875549317,5
base,seasonal+shock,False,False,DLP_Adaptive,26,1054.7926,35.69212195765331,0.8658756975831021,616.7066666666667,108.2,1.6824116230010986,5
base,seasonal+shock,False,False,DLP_Adaptive_Blind,26,904.0423999999999,34.33652520917043,0.7841869600065284,645.34,173.6,1.4130707740783692,5
base,seasonal+shock,True,True,DLP_H10,10,762.0229999999999,77.72443146141376,0.7371075474726883,637.8866666666667,150.4,0.9998711109161377,5
base,seasonal+shock,True,True,DLP_H10_Blind,10,710.5809999999999,21.020275545292005,0.7792797714866515,649.96,126.2,1.0190933704376222,5
base,seasonal+shock,True,True,DLP_Adaptive,26,805.0265999999999,76.71876767936251,0.7371075474726883,633.8866666666667,150.4,1.3575755596160888,5
base,seasonal+shock,True,True,DLP_Adaptive_Blind,26,666.7547999999999,36.82870781550724,0.6706680153212141,659.2533333333333,175.2,1.3606720924377442,5
base,seasonal+shock,True,False,DLP_H10,10,685.3219999999999,70.97860245172484,0.9028514719462437,668.7133333333334,59.2,1.0000396251678467,5
base,seasonal+shock,True,False,DLP_H10_Blind,10,708.761,30.714394247648777,0.8938482763973946,665.3066666666666,66.0,1.0001682758331298,5
base,seasonal+shock,True,False,DLP_Adaptive,26,732.6025999999999,69.90293157972707,0.9028514719462437,664.7666666666667,59.2,1.346377468109131,5
base,seasonal+shock,True,False,DLP_Adaptive_Blind,26,674.1388000000001,20.109173562332206,0.8830333041915882,675.4866666666667,68.6,1.396552848815918,5
base,trend+seasonal+shock,False,True,DLP_H10,10,2291.338,16.708093428036683,0.20909474492264618,341.93999999999994,1099.8,1.0954848289489747,5
base,trend+seasonal+shock,False,True,DLP_H10_Blind,10,2149.6940000000004,65.44138831045694,0.0,360.50666666666666,1570.6,1.1352147102355956,5
base,trend+seasonal+shock,False,True,DLP_Adaptive,26,2404.5735999999997,43.060499795520364,0.21539585609882597,330.02,1090.0,1.4849645137786864,5
base,trend+seasonal+shock,False,True,DLP_Adaptive_Blind,26,1712.8205999999998,62.63079539843005,0.0,438.4866666666667,3863.8,1.4499980449676513,5
base,trend+seasonal+shock,False,False,DLP_H10,10,1961.1760000000002,39.51908063201879,0.8295476001136484,466.17333333333335,236.2,1.1311518192291259,5
base,trend+seasonal+shock,False,False,DLP_H10_Blind,10,1587.82,50.2947298431953,0.7085111507864249,521.1533333333334,403.6,1.0937411785125732,5
base,trend+seasonal+shock,False,False,DLP_Adaptive,26,1990.509,39.415631416989854,0.8294015080756644,462.58000000000004,236.4,1.5814949512481689,5
base,trend+seasonal+shock,False,False,DLP_Adaptive_Blind,26,1240.0518,40.82341628722416,0.5832327449847243,600.0933333333334,576.8,1.4381378173828125,5
base,trend+seasonal+shock,True,True,DLP_H10,10,1168.83,157.77918668189417,0.3878988078105371,554.24,476.8,1.0722786426544189,5
base,trend+seasonal+shock,True,True,DLP_H10_Blind,10,860.936,27.456010161711365,0.4661902903753665,615.46,349.6,1.022839403152466,5
base,trend+seasonal+shock,True,True,DLP_Adaptive,26,1193.0284000000001,155.95562779919172,0.3882635730958144,554.5733333333334,476.8,1.3549284934997559,5
base,trend+seasonal+shock,True,True,DLP_Adaptive_Blind,26,813.887,78.37322630847866,0.26561907864701456,625.5533333333333,448.0,1.3625081062316895,5
base,trend+seasonal+shock,True,False,DLP_H10,10,1060.7350000000001,101.04347514807664,0.8252672302110977,605.7133333333334,152.8,0.9924803733825683,5
base,trend+seasonal+shock,True,False,DLP_H10_Blind,10,865.0730000000001,38.81030154482181,0.8254967873892054,639.9933333333332,133.8,1.0088615894317627,5
base,trend+seasonal+shock,True,False,DLP_Adaptive,26,1106.9112,97.90149280659621,0.828029923110412,606.54,151.0,1.3450116157531737,5
base,trend+seasonal+shock,True,False,DLP_Adaptive_Blind,26,783.2744,32.40172428498212,0.8004100068021966,657.4799999999999,143.4,1.3461730003356933,5
serial,stationary,False,True,DLP_H10,10,631.328,31.1820059649792,0.0,72.07333333333334,1234.2,0.7746777057647705,5
serial,stationary,False,True,DLP_H10_Blind,10,630.7920000000001,25.52805155118578,0.0,71.7,1223.0,0.8116833209991455,5
serial,stationary,False,True,DLP_Adaptive,18,1003.826,30.93484158679332,0.7330525935736079,90.1,164.4,1.2933515548706054,5
serial,stationary,False,True,DLP_Adaptive_Blind,18,966.9519999999999,37.70878751697007,0.5681700757022495,93.38,260.4,1.4129691123962402,5
serial,stationary,False,False,DLP_H10,10,731.748,1.560658835235908,0.6715281800000331,78.79333333333334,196.8,0.9019046783447265,5
serial,stationary,False,False,DLP_H10_Blind,10,729.1220000000001,2.1374227471420104,0.6715281800000331,83.62,196.8,0.9481268405914307,5
serial,stationary,False,False,DLP_Adaptive,18,966.568,20.13832008882569,0.9460276803938557,95.05999999999999,33.0,1.0254522800445556,5
serial,stationary,False,False,DLP_Adaptive_Blind,18,919.7280000000001,24.80907124420419,0.890862025711515,97.70666666666666,65.6,1.0626389503479003,5
serial,stationary,True,True,DLP_H10,10,724.052,7.305437427012824,0.582029325943871,93.05333333333334,186.6,0.942988920211792,5
serial,stationary,True,True,DLP_H10_Blind,10,709.554,9.708935266031995,0.2652786339781531,84.06,353.6,0.9622452735900879,5
serial,stationary,True,True,DLP_Adaptive,18,796.68,66.95286789973972,0.8710652996663141,100.17333333333333,53.4,1.1553845405578613,5
serial,stationary,True,True,DLP_Adaptive_Blind,18,810.4159999999999,32.49650356576843,0.8022466931334276,103.43333333333332,91.8,1.1596121788024902,5
serial,stationary,True,False,DLP_H10,10,736.83,1.6851706145075869,0.8304772882864976,92.72666666666666,82.0,1.0000076770782471,5
serial,stationary,True,False,DLP_H10_Blind,10,733.6179999999999,3.1359808672885805,0.8091938247342648,92.76,96.4,0.9670020580291748,5
serial,stationary,True,False,DLP_Adaptive,18,825.384,39.486972332656784,0.9407134500639558,102.01333333333334,29.4,1.0938752174377442,5
serial,stationary,True,False,DLP_Adaptive_Blind,18,806.2719999999999,62.42135993392,0.9155304660928388,105.10666666666665,42.8,1.096841859817505,5
serial,trend,False,True,DLP_H10,10,268.13199999999995,44.361069599368356,0.0,48.14,4955.8,0.9709510803222656,5
serial,trend,False,True,DLP_H10_Blind,10,234.33,33.54206672225193,0.0,58.33333333333333,5261.6,0.9684237957000732,5
serial,trend,False,True,DLP_Adaptive,18,1601.1740000000002,49.901278380418205,0.8120767637537263,98.22666666666666,195.6,1.1004561901092529,5
serial,trend,False,True,DLP_Adaptive_Blind,18,1332.9600000000003,61.595776478586544,0.0,94.92666666666666,1574.4,1.0966665744781494,5
serial,trend,False,False,DLP_H10,10,699.386,2.744839521720712,0.39128733880610284,52.8,623.4,1.2959584236145019,5
serial,trend,False,False,DLP_H10_Blind,10,693.426,2.170913171916356,0.39128733880610284,71.66,623.4,2.1856502532958983,5
serial,trend,False,False,DLP_Adaptive,18,1541.018,41.13403622305983,0.9528519286186421,102.23333333333333,48.8,3.6310301303863524,5
serial,trend,False,False,DLP_Adaptive_Blind,18,1198.232,39.58953922439607,0.7198219258501108,94.37333333333333,286.8,1.03286714553833,5
serial,trend,True,True,DLP_H10,10,601.12,42.937087465267155,0.0,56.44,1566.8,0.9034967422485352,5
serial,trend,True,True,DLP_H10_Blind,10,642.542,17.677838555660546,0.0,65.21333333333334,1124.0,0.8301706314086914,5
serial,trend,True,True,DLP_Adaptive,18,1176.95,155.97207455182482,0.8670003393040732,98.76666666666668,83.0,0.9058464050292969,5
serial,trend,True,True,DLP_Adaptive_Blind,18,926.0900000000001,46.144602284557614,0.5457322313293238,100.5,254.6,0.90937180519104,5
serial,trend,True,False,DLP_H10,10,733.97,2.247140405048146,0.6249021375637079,58.339999999999996,240.6,0.7620924949645996,5
serial,trend,True,False,DLP_H10_Blind,10,730.9419999999998,2.6364020937634045,0.6554410834123161,76.6,211.4,386.1641516685486,5
serial,trend,True,False,DLP_Adaptive,18,1255.7779999999998,77.23153796215631,0.953764026578597,100.7,37.2,1.5381855964660645,5
serial,trend,True,False,DLP_Adaptive_Blind,18,959.868,47.045029237954566,0.8626681034091963,98.4,91.0,1.9825461387634278,5
serial,seasonal,False,True,DLP_H10,10,576.9419999999998,39.8417536762628,0.0,43.81333333333333,1887.6,1.2646100044250488,5
serial,seasonal,False,True,DLP_H10_Blind,10,541.3860000000001,32.21398118829772,0.0,54.46666666666666,2207.2,1.395491886138916,5
serial,seasonal,False,True,DLP_Adaptive,18,1015.2099999999998,24.858193820147058,0.6100884998807252,62.50666666666666,239.2,1.763084602355957,5
serial,seasonal,False,True,DLP_Adaptive_Blind,18,880.5,42.64391210946759,0.14416920712276643,131.91333333333336,541.2,1.5796772480010985,5
serial,seasonal,False,False,DLP_H10,10,741.324,1.8991219023537877,0.6668123539829457,54.81333333333333,200.8,1.6766245365142822,5
serial,seasonal,False,False,DLP_H10_Blind,10,731.3860000000001,3.7924904746090338,0.6668123539829457,75.21333333333332,200.8,1.5335209846496582,5
serial,seasonal,False,False,DLP_Adaptive,18,928.4660000000001,18.31483944783572,0.8865973215248882,70.15333333333334,68.8,0.9611057758331298,5
serial,seasonal,False,False,DLP_Adaptive_Blind,18,764.49,30.371283147078252,0.8027103913950053,133.76666666666668,118.6,1.0107676982879639,5
serial,seasonal,True,True,DLP_H10,10,723.488,16.63976129636478,0.35992929169758225,57.56,329.2,0.9003867626190185,5
serial,seasonal,True,True,DLP_H10_Blind,10,701.624,30.041655480349256,0.31729600246739575,76.48666666666665,285.4,0.9252702236175537,5
serial,seasonal,True,True,DLP_Adaptive,18,807.72,59.87262312610002,0.7732883591459265,76.29333333333332,99.4,0.9431684017181396,5
serial,seasonal,True,True,DLP_Adaptive_Blind,18,655.1579999999999,64.26276726067744,0.4425018152073398,137.72,235.2,0.9366509437561035,5
serial,seasonal,True,False,DLP_H10,10,746.8639999999999,2.1453633724849452,0.8143531334871692,64.78,91.6,0.7806426048278808,5
serial,seasonal,True,False,DLP_H10_Blind,10,707.138,33.34281715752285,0.8000677059815938,93.80666666666667,97.8,0.7862903118133545,5
serial,seasonal,True,False,DLP_Adaptive,18,824.46,40.271115206807984,0.8938664624402444,73.18666666666665,54.2,0.8943040370941162,5
serial,seasonal,True,False,DLP_Adaptive_Blind,18,676.522,54.54820085025718,0.8268496061689437,130.32,85.4,0.9336807727813721,5
serial,shock,False,True,DLP_H10,10,413.26599999999996,38.937975602231795,0.0,67.9,3432.2,0.7861461639404297,5
serial,shock,False,True,DLP_H10_Blind,10,400.98,30.126859112758517,0.0,71.05333333333333,3526.8,0.821038293838501,5
serial,shock,False,True,DLP_Adaptive,18,1406.2959999999998,44.716690217412115,0.8155150539574967,109.02666666666667,167.6,0.932234525680542,5
serial,shock,False,True,DLP_Adaptive_Blind,18,1175.598,50.86292024648211,0.0,104.11333333333332,1824.0,0.946740198135376,5
serial,shock,False,False,DLP_H10,10,705.1659999999999,2.2390587308062733,0.4508207028807224,72.58666666666666,488.4,0.7963397979736329,5
serial,shock,False,False,DLP_H10_Blind,10,701.026,2.369756105593989,0.4508207028807224,82.3,488.4,0.8780467987060547,5
serial,shock,False,False,DLP_Adaptive,18,1367.61,32.90112034566612,0.9614734947322354,112.69333333333334,34.8,0.9126548767089844,5
serial,shock,False,False,DLP_Adaptive_Blind,18,985.1480000000001,20.596898213080447,0.6647607814611483,97.00666666666666,298.2,0.9374761581420898,5
serial,shock,True,True,DLP_H10,10,647.2919999999999,26.28327179024712,0.0,79.78,1020.0,0.8369905948638916,5
serial,shock,True,True,DLP_H10_Blind,10,640.174,36.25734993073818,0.0,79.76,1079.4,0.7999794006347656,5
serial,shock,True,True,DLP_Adaptive,18,1049.3880000000001,135.5586520145431,0.8907346441035904,107.90666666666667,60.2,0.912450122833252,5
serial,shock,True,True,DLP_Adaptive_Blind,18,815.8280000000001,28.301464555743436,0.23273602831981313,109.05333333333333,453.2,0.9229177474975586,5
serial,shock,True,False,DLP_H10,10,728.512,0.897182255731731,0.6532660422565127,80.73333333333333,212.6,0.8008482933044434,5
serial,shock,True,False,DLP_H10_Blind,10,726.7459999999999,3.9344763311017665,0.6802093631102385,89.34,191.0,0.7912925720214844,5
serial,shock,True,False,DLP_Adaptive,18,1124.542,51.60885404656833,0.9563209329140218,111.73333333333335,31.0,0.8686530113220214,5
serial,shock,True,False,DLP_Adaptive_Blind,18,849.21,47.576838902978814,0.8266395374723355,102.08000000000001,106.8,0.8948694229125976,5
serial,trend+seasonal,False,True,DLP_H10,10,160.78599999999994,55.87868631240362,0.0,32.72666666666667,6092.2,0.8963005542755127,5
serial,trend+seasonal,False,True,DLP_H10_Blind,10,99.11199999999994,44.69056428375014,0.0,51.10000000000001,6643.4,0.8189568042755127,5
serial,trend+seasonal,False,True,DLP_Adaptive,18,1498.7580000000003,42.2050880345012,0.559406574548752,77.41333333333333,431.2,1.0556304454803467,5
serial,trend+seasonal,False,True,DLP_Adaptive_Blind,18,1244.396,67.1050074435582,0.0,147.00666666666666,1556.4,0.9128757953643799,5
serial,trend+seasonal,False,False,DLP_H10,10,710.1919999999999,3.499367942929133,0.41548512763360546,42.093333333333334,564.2,0.8378036022186279,5
serial,trend+seasonal,False,False,DLP_H10_Blind,10,701.3,2.2633514972270823,0.41548512763360546,66.72666666666666,564.2,0.8608838558197022,5
serial,trend+seasonal,False,False,DLP_Adaptive,18,1347.588,36.91306836338592,0.8672378096199985,80.66,128.8,1.0032499790191651,5
serial,trend+seasonal,False,False,DLP_Adaptive_Blind,18,1007.836,43.72502971982981,0.6954516199436048,139.89333333333335,293.4,0.9683310031890869,5
serial,trend+seasonal,True,True,DLP_H10,10,615.9540000000001,24.411864000931985,0.0,38.84666666666667,1493.0,0.8736948490142822,5
serial,trend+seasonal,True,True,DLP_H10_Blind,10,664.668,20.274233302396446,0.0,54.74666666666667,954.2,0.9238447666168212,5
serial,trend+seasonal,True,True,DLP_Adaptive,18,1033.38,89.8504595425087,0.728413881794459,95.01333333333334,164.8,1.163362693786621,5
serial,trend+seasonal,True,True,DLP_Adaptive_Blind,18,762.9199999999998,45.76473227278842,0.17127268296749576,142.61333333333332,453.2,1.0731475353240967,5
serial,trend+seasonal,True,False,DLP_H10,10,739.092,1.835248212095592,0.641237988764914,48.906666666666666,224.4,0.8884958267211914,5
serial,trend+seasonal,True,False,DLP_H10_Blind,10,730.246,5.098327568919044,0.6806760557351889,77.55333333333333,188.6,0.9628991603851318,5
serial,trend+seasonal,True,False,DLP_Adaptive,18,1063.578,68.89271932504914,0.8686879413293237,85.63999999999999,96.2,0.9430505752563476,5
serial,trend+seasonal,True,False,DLP_Adaptive_Blind,18,802.9159999999999,27.2346592414886,0.792993472895438,124.99333333333334,128.6,0.9841014862060546,5
serial,trend+shock,False,True,DLP_H10,10,-204.70800000000003,50.275758134512536,0.0,48.14,9684.2,0.793464994430542,5
serial,trend+shock,False,True,DLP_H10_Blind,10,-238.51000000000005,39.660174482722574,0.0,58.33333333333333,9990.0,0.8081411361694336,5
serial,trend+shock,False,True,DLP_Adaptive,18,2466.592,65.18386653152753,0.861767689301624,142.16,230.8,0.9261209964752197,5
serial,trend+shock,False,True,DLP_Adaptive_Blind,18,1254.098,23.881925717998406,0.0,110.12,5700.4,0.9431792259216308,5
serial,trend+shock,False,False,DLP_H10,10,636.9859999999999,3.660292884456123,0.24297358896534038,52.8,1247.4,0.823271369934082,5
serial,trend+shock,False,False,DLP_H10_Blind,10,631.05,2.7791653423285436,0.24297358896534038,71.63333333333333,1247.4,0.8379575252532959,5
serial,trend+shock,False,False,DLP_Adaptive,18,2396.25,52.43455158576255,0.9663196046005034,146.50666666666666,56.0,0.9632023334503174,5
serial,trend+shock,False,False,DLP_Adaptive_Blind,18,1246.286,41.54128288823061,0.49176385393605465,99.18,837.2,0.9646315574645996,5
serial,trend+shock,True,True,DLP_H10,10,398.92199999999997,77.99356676034255,0.0,55.2,3596.6,0.7820796012878418,5
serial,trend+shock,True,True,DLP_H10_Blind,10,499.82199999999995,47.44681123110379,0.0,64.1,2561.0,0.8416854858398437,5
serial,trend+shock,True,True,DLP_Adaptive,18,1676.0700000000002,262.4261238520281,0.913187953064732,137.82666666666665,82.0,1.0792180061340333,5
serial,trend+shock,True,True,DLP_Adaptive_Blind,18,1005.406,21.65819623145013,0.07420814479638009,108.4,981.4,0.9146503925323486,5
serial,trend+shock,True,False,DLP_H10,10,711.408,2.4744971206287376,0.45899357890695847,57.31333333333333,472.4,0.8268261432647706,5
serial,trend+shock,True,False,DLP_H10_Blind,10,713.042,5.881514770873277,0.5053841330422519,75.97999999999999,395.8,0.7927393913269043,5
serial,trend+shock,True,False,DLP_Adaptive,18,1874.414,114.26389659030534,0.9644165847388557,139.68,45.0,0.8830739498138428,5
serial,trend+shock,True,False,DLP_Adaptive_Blind,18,991.3,53.83044120198165,0.7438763189877532,98.11333333333332,211.4,0.9193711757659913,5
serial,seasonal+shock,False,True,DLP_H10,10,411.8619999999999,44.515647316421244,0.0,43.81333333333333,3538.4,0.8187568187713623,5
serial,seasonal+shock,False,True,DLP_H10_Blind,10,376.306,36.370261808241096,0.0,54.46666666666666,3858.0,0.8021761894226074,5
serial,seasonal+shock,False,True,DLP_Adaptive,18,1286.812,39.934993877550646,0.6866570019223885,77.74666666666667,256.8,0.9151000499725341,5
serial,seasonal+shock,False,True,DLP_Adaptive_Blind,18,1147.938,39.67743711481371,0.07094205939243552,108.15333333333334,754.8,0.9262382507324218,5
serial,seasonal+shock,False,False,DLP_H10,10,721.916,2.923590942659404,0.49988579781695003,53.42,401.6,0.7950922012329101,5
serial,seasonal+shock,False,False,DLP_H10_Blind,10,715.9320000000001,2.298115749913383,0.49988579781695003,70.07333333333334,401.6,0.7887059688568115,5
serial,seasonal+shock,False,False,DLP_Adaptive,18,1197.588,30.062387396878506,0.9094683320738393,84.89333333333333,73.4,0.881398868560791,5
serial,seasonal+shock,False,False,DLP_Adaptive_Blind,18,1012.936,34.056675468988445,0.7850751110814642,105.38666666666666,172.8,0.9844956398010254,5
serial,seasonal+shock,True,True,DLP_H10,10,659.404,37.71866678449811,0.0,53.06,998.4,0.9177459716796875,5
serial,seasonal+shock,True,True,DLP_H10_Blind,10,690.488,12.198705505093539,0.013901345291479817,67.02,615.4,0.8416249275207519,5
serial,seasonal+shock,True,True,DLP_Adaptive,18,987.2939999999999,96.20925456524436,0.8158276346061613,81.17333333333332,100.0,1.0063498973846436,5
serial,seasonal+shock,True,True,DLP_Adaptive_Blind,18,787.912,44.47216990433454,0.4712447883077123,117.70666666666666,266.0,0.9012342929840088,5
serial,seasonal+shock,True,False,DLP_H10,10,741.4979999999999,1.1424780085410684,0.7000739294784164,58.973333333333336,171.6,0.8001499652862549,5
serial,seasonal+shock,True,False,DLP_H10_Blind,10,731.656,3.3567222107287993,0.7136956686457688,81.46000000000001,161.2,0.8539942741394043,5
serial,seasonal+shock,True,False,DLP_Adaptive,18,1003.152,52.71771330397401,0.9158942373562133,85.70666666666668,54.4,0.9767848491668701,5
serial,seasonal+shock,True,False,DLP_Adaptive_Blind,18,800.7559999999999,20.271137708574713,0.8217061404668667,113.5,105.2,1.043837547302246,5
serial,trend+seasonal+shock,False,True,DLP_H10,10,-160.31400000000002,55.64634744527266,0.0,32.72666666666667,9303.2,0.8505309581756592,5
serial,trend+seasonal+shock,False,True,DLP_H10_Blind,10,-221.988,45.68553968161045,0.0,51.10000000000001,9854.4,0.8699172019958497,5
serial,trend+seasonal+shock,False,True,DLP_Adaptive,18,2087.6220000000003,40.02311402177504,0.696374950647529,108.37333333333333,424.0,0.9208775997161865,5
serial,trend+seasonal+shock,False,True,DLP_Adaptive_Blind,18,1655.94,51.061188783654444,0.0,123.83333333333333,2706.0,0.9910718441009522,5
serial,trend+seasonal+shock,False,False,DLP_H10,10,668.2520000000001,3.204642881820073,0.2892770486837634,42.093333333333334,983.6,0.8264614582061768,5
serial,trend+seasonal+shock,False,False,DLP_H10_Blind,10,659.6479999999999,2.3938370871886416,0.2892770486837634,66.40666666666667,983.6,0.8182267665863037,5
serial,trend+seasonal+shock,False,False,DLP_Adaptive,18,1932.56,35.87968617477028,0.9081306489609984,111.73333333333332,127.6,0.9305101871490479,5
serial,trend+seasonal+shock,False,False,DLP_Adaptive_Blind,18,1394.85,31.04965635880695,0.652518553764901,104.65333333333334,480.8,0.8938209056854248,5
serial,trend+seasonal+shock,True,True,DLP_H10,10,502.974,25.6947960490057,0.0,38.84666666666667,2622.8,0.8009845733642578,5
serial,trend+seasonal+shock,True,True,DLP_H10_Blind,10,587.01,26.33181497732353,0.0,53.43333333333334,1742.6,0.8497935771942139,5
serial,trend+seasonal+shock,True,True,DLP_Adaptive,18,1351.3219999999997,151.98035430936454,0.7986294977531343,108.9,165.2,0.9006359100341796,5
serial,trend+seasonal+shock,True,True,DLP_Adaptive_Blind,18,925.126,30.814397024767548,0.20976021047976653,118.01333333333332,495.2,0.9074659824371338,5
serial,trend+seasonal+shock,True,False,DLP_H10,10,724.626,2.86965224373961,0.5197940408085424,48.67333333333333,370.8,0.7922717094421386,5
serial,trend+seasonal+shock,True,False,DLP_H10_Blind,10,725.8860000000001,4.058973269190147,0.5893466774787018,72.15333333333334,279.8,0.8169801235198975,5
serial,trend+seasonal+shock,True,False,DLP_Adaptive,18,1414.9119999999998,62.82491684037479,0.9040508811276468,111.35999999999999,95.6,0.9097073554992676,5
serial,trend+seasonal+shock,True,False,DLP_Adaptive_Blind,18,947.092,40.34788143137136,0.7646944757890409,107.71333333333332,179.6,0.8878620624542236,5
